ID,Intra Time,Selection Time,Inter Time,Total Time
0,4.114458800000001,0.009886299999998016,31.429897099999998,35.5542452
1,4.040154100000009,0.007308800000004112,20.700323600000004,24.747789100000006
2,4.0195547999999945,0.005952000000007729,36.5548069,40.580316100000005
3,4.061368899999991,0.0053986000000065815,433.8867645,437.9535343
