ID,Intra Time,Selection Time,Inter Time,Total Time
0,4.094355100000001,0.00814799999999849,103.58680259999998,107.68930789999999
1,4.207819900000004,0.0065636999999867385,3.9032319000000086,8.117617500000023
2,4.059853699999991,0.005752299999983279,2.9868145000000084,7.052423400000009
3,4.046309000000008,0.005259700000010525,13.025711999999999,17.077282200000013
